global_index,lex_topic_0,lex_topic_1,lex_topic_2,lex_topic_3,lex_topic_4,lex_topic_5,lex_topic_6,lex_topic_7,sim_topic_1,sim_topic_5,sim_topic_6,sim_topic_4,sim_topic_2,sim_topic_0,sim_topic_3,sim_topic_7,covered_topic_0,covered_topic_1,covered_topic_2,covered_topic_3,covered_topic_4,covered_topic_5,covered_topic_6,covered_topic_7
59,0.019047619047619,0.0380952380952381,0.0095238095238095,0.019047619047619,0.019047619047619,0.0095238095238095,0.0476190476190476,0.0095238095238095,0.2786248326301574,0.2360725700855255,0.2938417792320251,0.1982096284627914,0.3114671111106872,0.1917241215705871,0.2701661586761474,0.2135823965072631,0,0,0,0,0,0,0,0
60,0.0,0.0135135135135135,0.027027027027027,0.0135135135135135,0.0,0.027027027027027,0.0,0.0135135135135135,0.4376157522201538,0.4106962084770202,0.3991941213607788,0.4395831823348999,0.4653039872646332,0.4766803979873657,0.487930953502655,0.4981690645217895,0,0,0,0,0,0,0,0
61,0.0,0.0,0.04,0.0,0.0,0.0,0.04,0.0,0.3440093994140625,0.3276311755180359,0.3180343508720398,0.2876878976821899,0.3994454741477966,0.3175227046012878,0.3429020941257477,0.3842163980007171,0,0,0,0,0,0,0,0
62,0.0196078431372549,0.0,0.0588235294117647,0.0392156862745098,0.0196078431372549,0.0784313725490196,0.0,0.0392156862745098,0.2055456340312957,0.2981389760971069,0.2250366061925888,0.2419429123401641,0.292289674282074,0.2922831773757934,0.2968504428863525,0.278247594833374,0,0,0,0,0,0,0,0
63,0.0,0.0,0.0384615384615384,0.0,0.0,0.0384615384615384,0.0,0.0,0.3125101327896118,0.3598724901676178,0.3184690773487091,0.2997085750102997,0.3803212642669678,0.3434566855430603,0.3769535422325134,0.3794680833816528,0,0,0,0,0,0,0,0
64,0.0113636363636363,0.0454545454545454,0.0227272727272727,0.1363636363636363,0.0454545454545454,0.0568181818181818,0.034090909090909,0.0568181818181818,0.8131598830223083,0.6911417841911316,0.766952633857727,0.8067981004714966,0.8278575539588928,0.8381054401397705,0.8838967084884644,0.7806715965270996,1,1,1,1,1,1,1,1
65,0.0,0.0,0.0,0.027027027027027,0.0,0.027027027027027,0.0,0.027027027027027,0.3535233736038208,0.4093861281871795,0.4121882319450378,0.4289367794990539,0.4126888513565063,0.4349006116390228,0.460701584815979,0.3578275740146637,0,0,0,0,0,0,0,0
66,0.007725321888412,0.0051502145922746,0.0051502145922746,0.0060085836909871,0.0042918454935622,0.0025751072961373,0.007725321888412,0.0051502145922746,0.160037487745285,0.1959817111492157,0.1728191822767257,0.1239389851689338,0.2114956080913543,0.1295308470726013,0.2049958705902099,0.1413513720035553,0,0,0,0,0,0,0,0
67,0.026865671641791,0.008955223880597,0.0,0.0,0.026865671641791,0.017910447761194,0.026865671641791,0.0,0.2679197490215301,0.2804694771766662,0.27326500415802,0.2497004866600036,0.2808819115161896,0.2969047725200653,0.3444191217422485,0.2163948714733123,0,0,0,0,0,0,0,0
68,0.0266272189349112,0.0088757396449704,0.0029585798816568,0.0,0.0266272189349112,0.0059171597633136,0.0236686390532544,0.0,0.2171086370944976,0.2261247336864471,0.2286956310272216,0.2006113529205322,0.2319698631763458,0.234935849905014,0.2753361761569977,0.1762930154800415,0,0,0,0,0,0,0,0
69,0.0,0.0,0.0,0.0,0.0,0.0,0.0,0.0,0.1886717230081558,0.2035339027643203,0.1609935760498047,0.1331761181354522,0.2188232243061065,0.1387566924095153,0.2160067409276962,0.1508703231811523,0,0,0,0,0,0,0,0
70,0.019047619047619,0.0857142857142857,0.0095238095238095,0.0857142857142857,0.0571428571428571,0.0380952380952381,0.0095238095238095,0.0380952380952381,0.7787534594535828,0.6113702058792114,0.604266345500946,0.6509053707122803,0.7385610938072205,0.7320919036865234,0.7534559965133667,0.7048503756523132,1,1,1,1,1,1,1,1
71,0.0,0.0089285714285714,0.0,0.0178571428571428,0.0089285714285714,0.0267857142857142,0.0,0.0089285714285714,0.3787930607795715,0.3956750035285949,0.2898542881011963,0.3131972551345825,0.4008077085018158,0.3607378304004669,0.4175498187541961,0.3977954983711242,0,0,0,0,0,0,0,0
72,0.0,0.0,0.0,0.0,0.0,0.0,0.0,0.0,0.3930373191833496,0.3565274477005005,0.3700019419193268,0.3548470437526703,0.4678422510623932,0.3667254447937011,0.4113060534000397,0.420648455619812,0,0,0,0,0,0,0,0
73,0.0,0.0,0.0,0.0,0.0,0.0666666666666666,0.0,0.0,0.2817566990852356,0.3173965215682983,0.2422776073217392,0.2276683002710342,0.3551553785800934,0.2564256191253662,0.3114711344242096,0.3053816258907318,0,0,0,0,0,0,0,0
74,0.0,0.0,0.0,0.0,0.0,0.0,0.0,0.0,0.3777343928813934,0.4197851121425628,0.2999030351638794,0.312888503074646,0.4077081680297851,0.3513418436050415,0.410712867975235,0.3932900428771972,0,0,0,0,0,0,0,0
75,0.0,0.0,0.0,0.0,0.0,0.0,0.0,1.0,0.247038185596466,0.216777890920639,0.2029421031475067,0.1785282790660858,0.2695403695106506,0.1940615773200988,0.2613709568977356,0.1978486180305481,0,0,0,0,0,0,0,1
76,0.0,0.0,0.0,0.0,0.0,0.0,0.0,0.0,0.1606917381286621,0.1267351806163787,0.1384401619434356,0.1051122695207595,0.1783525049686432,0.1118546277284622,0.1688034534454345,0.1044359654188156,0,0,0,0,0,0,0,0
77,0.0,0.0,0.0,0.0,0.0,0.0,0.0,0.0,0.2956187427043915,0.280131459236145,0.3325571417808532,0.2540867328643799,0.367907166481018,0.2770261764526367,0.3526544570922851,0.2702609300613403,0,0,0,0,0,0,0,0
78,0.1428571428571428,0.0,0.0,0.0,0.0,0.0,0.0,0.0,0.2251631170511245,0.2681916654109955,0.3152318894863128,0.2668804824352264,0.3009632527828216,0.2767246961593628,0.3186030089855194,0.2413499653339386,1,0,0,0,0,0,0,0
79,0.0,0.0,0.0,0.0,0.0,0.0,0.0,0.0,0.1809794306755066,0.202963188290596,0.2597948312759399,0.191760703921318,0.3088925182819366,0.2036375850439071,0.2631265223026275,0.1898655742406845,0,0,0,0,0,0,0,0
80,0.0,0.0,0.0,0.0,0.0,0.0,0.0,0.0,0.3018160164356231,0.3563384413719177,0.3569217324256897,0.3116568922996521,0.4027685821056366,0.3494483530521393,0.4071617424488067,0.3121078014373779,0,0,0,0,0,0,0,0
81,0.0769230769230769,0.0,0.0,0.1538461538461538,0.0769230769230769,0.0,0.0,0.0769230769230769,0.3341583013534546,0.3228240013122558,0.341421365737915,0.3374424576759338,0.3972204923629761,0.3965083360671997,0.4060555696487427,0.3742833733558655,0,0,0,1,0,0,0,0
82,0.0,0.0625,0.0,0.0,0.0,0.0625,0.0,0.0,0.5024994015693665,0.5400654077529907,0.4522820115089416,0.4853539168834686,0.5562954545021057,0.5212153196334839,0.5855904221534729,0.5146122574806213,0,0,1,1,0,0,0,0
83,0.0,0.0,0.0,0.0,0.0,0.0,0.0,0.0,0.3307138979434967,0.2729639410972595,0.3803364038467407,0.2659811973571777,0.3339903950691223,0.3287383317947387,0.3752776980400085,0.248562142252922,0,0,0,0,0,0,0,0
84,0.0,0.0,0.0,0.0,0.0,0.0,0.0,0.0,0.2163844257593155,0.1819982528686523,0.1864110976457595,0.1597312837839126,0.2247150540351867,0.2193127125501632,0.2746041417121887,0.1485308110713958,0,0,0,0,0,0,0,0
85,0.0,0.0,0.0,0.0,0.0,0.0,0.0,0.0,0.2279584109783172,0.1851995885372162,0.2924337089061737,0.1917299628257751,0.3015456795692444,0.241813451051712,0.2753970623016357,0.2370039224624633,0,0,0,0,0,0,0,0
86,0.0,0.0,0.0,0.0,0.0,0.0,0.0,0.0,0.1927320808172226,0.2501344680786133,0.2276888638734817,0.1596077382564544,0.2528160214424133,0.2103461325168609,0.2695789337158203,0.1736288368701934,0,0,0,0,0,0,0,0
87,0.0256410256410256,0.017094017094017,0.0,0.0,0.017094017094017,0.0085470085470085,0.0256410256410256,0.0,0.2795505821704864,0.28700652718544,0.2793968915939331,0.3242150843143463,0.3491163253784179,0.3497809767723083,0.3644668757915497,0.3279203772544861,0,0,0,0,0,0,0,0
88,0.0155902004454342,0.0155902004454342,0.0,0.0133630289532293,0.0178173719376391,0.0044543429844097,0.0200445434298441,0.0022271714922048,0.4110884070396423,0.3957862854003906,0.4120316505432129,0.3458827137947082,0.3656107187271118,0.4120162725448608,0.4711858928203583,0.3014336228370666,0,0,0,0,0,0,0,0
89,0.0232558139534883,0.0,0.0,0.0232558139534883,0.0,0.0,0.0,0.0,0.1260603070259094,0.1030507981777191,0.1630005687475204,0.1329354047775268,0.2380183339118957,0.1497523188591003,0.1675725877285003,0.1597556918859481,0,0,0,0,0,0,0,0
90,0.0476190476190476,0.0476190476190476,0.0,0.0476190476190476,0.0476190476190476,0.0,0.0476190476190476,0.0,0.2991659641265869,0.2775740623474121,0.3119092583656311,0.3301904797554016,0.3125103116035461,0.3242121040821075,0.4013217687606811,0.246894359588623,0,0,0,0,0,0,0,0
91,0.0274725274725274,0.0164835164835164,0.0054945054945054,0.0219780219780219,0.0109890109890109,0.0274725274725274,0.0109890109890109,0.0109890109890109,0.6389003396034241,0.5220872163772583,0.5206629037857056,0.5637953877449036,0.6715918779373169,0.6371350884437561,0.6463959217071533,0.6685130596160889,1,1,1,1,1,0,0,1
92,0.0,0.0,0.0,0.0,0.0,0.0714285714285714,0.0,0.0,0.5113297700881958,0.4300172924995422,0.3780323266983032,0.4725083410739898,0.5183937549591064,0.5200803279876709,0.5325042605400085,0.5373499393463135,0,0,0,0,0,0,0,0
93,0.0093457943925233,0.0,0.0,0.0093457943925233,0.0,0.0093457943925233,0.0093457943925233,0.0093457943925233,0.371231347322464,0.3068903088569641,0.5094308257102966,0.4068257510662079,0.4839693307876587,0.4424513578414917,0.5047314167022705,0.385200023651123,0,0,0,0,0,0,0,0
94,0.0227272727272727,0.0227272727272727,0.0,0.0454545454545454,0.0227272727272727,0.0454545454545454,0.0,0.0454545454545454,0.4097300767898559,0.3581537306308746,0.3723059594631195,0.4237652719020843,0.4251503944396972,0.4490184783935547,0.4785391986370086,0.4248597025871277,0,0,0,0,0,0,0,0
95,0.037037037037037,0.037037037037037,0.0,0.0,0.037037037037037,0.0,0.0,0.0,0.3300299942493438,0.2420772910118103,0.3518251776695251,0.3311058580875397,0.3682823181152344,0.3628625869750976,0.349267840385437,0.3638028502464294,0,0,0,0,0,0,0,0
96,0.0101522842639593,0.0101522842639593,0.0050761421319796,0.0050761421319796,0.0050761421319796,0.0304568527918781,0.0304568527918781,0.0050761421319796,0.3440680503845215,0.3099540174007416,0.2734802365303039,0.3325101137161255,0.388667494058609,0.3687527179718017,0.3845638036727905,0.3907922506332397,0,0,0,0,0,0,0,0
97,0.0,0.0,0.0,0.02,0.0,0.04,0.0,0.02,0.380496084690094,0.3695287704467773,0.3589984476566314,0.4171452522277832,0.461722582578659,0.4594456553459167,0.4551973938941955,0.498449444770813,0,0,0,0,0,0,0,0
98,0.009009009009009,0.018018018018018,0.0,0.027027027027027,0.027027027027027,0.009009009009009,0.0,0.027027027027027,0.4919534623622894,0.4514011144638061,0.4227285385131836,0.4366834759712219,0.531784176826477,0.484601616859436,0.5352953672409058,0.4736279845237732,0,0,0,0,0,0,0,0
99,0.0069444444444444,0.0069444444444444,0.0052083333333333,0.015625,0.0069444444444444,0.0034722222222222,0.0104166666666666,0.0052083333333333,0.3874104917049408,0.3024420738220215,0.4113215506076813,0.3673310875892639,0.4560880661010742,0.4298754334449768,0.441519558429718,0.3796809613704681,0,0,0,0,0,0,0,0
100,0.0190735694822888,0.0108991825613079,0.0027247956403269,0.0190735694822888,0.0245231607629427,0.0054495912806539,0.0,0.0163487738419618,0.3671964704990387,0.3291603326797485,0.3474774956703186,0.3498175740242004,0.4386950731277466,0.3819502592086792,0.437840461730957,0.3744529187679291,0,0,0,0,0,0,0,0
101,0.0476190476190476,0.0,0.0,0.0,0.0,0.0,0.0,0.0476190476190476,0.3111076354980469,0.2948623299598694,0.3186990022659302,0.2552386820316314,0.3823010325431824,0.3239820599555969,0.348102331161499,0.3340418934822082,0,0,0,0,0,0,0,0
102,0.0248833592534992,0.0217729393468118,0.0077760497667185,0.0031104199066874,0.0248833592534992,0.0093312597200622,0.0171073094867807,0.0077760497667185,0.1436591297388076,0.1509302705526352,0.1441021263599395,0.1347444057464599,0.2023187130689621,0.1755479574203491,0.1930209696292877,0.1469719409942627,0,0,0,0,0,0,0,0
103,0.0317460317460317,0.0095238095238095,0.0031746031746031,0.0,0.0317460317460317,0.0095238095238095,0.0158730158730158,0.0,0.2962426841259002,0.31377112865448,0.3190599083900451,0.2740896344184875,0.3202807307243347,0.3245920538902282,0.3714434504508972,0.2534431517124176,0,0,0,0,0,0,0,0
104,0.0,0.0,0.0,0.0,0.0,0.0,0.0,0.0,0.285305380821228,0.258070707321167,0.2691088914871216,0.2769048810005188,0.3611840605735779,0.3212916851043701,0.339222252368927,0.3106938898563385,0,0,0,0,0,0,0,0
105,0.0,0.0,0.0,0.025,0.0,0.05,0.0,0.0,0.3506505489349365,0.3475692868232727,0.2561210393905639,0.3425137996673584,0.3838719725608825,0.3337732553482055,0.3803713917732239,0.3594541549682617,0,0,0,0,0,0,0,0
106,0.0,0.0,0.0,0.0384615384615384,0.0,0.0384615384615384,0.0,0.0,0.2363265454769134,0.2144886255264282,0.1947933137416839,0.2264859676361084,0.2869335114955902,0.2360150218009948,0.2614601850509643,0.2608017325401306,0,0,0,0,0,0,0,0
107,0.0318840579710144,0.008695652173913,0.0028985507246376,0.0057971014492753,0.0260869565217391,0.0028985507246376,0.017391304347826,0.0,0.2431308478116989,0.2511734068393707,0.2663944959640503,0.2236811965703964,0.2717228829860687,0.2658276557922363,0.3040736317634582,0.216000348329544,0,0,0,0,0,0,0,0
108,0.0288184438040345,0.0086455331412103,0.0,0.0,0.0259365994236311,0.0115273775216138,0.0288184438040345,0.0,0.2138065993785858,0.2381711900234222,0.229023277759552,0.1944886744022369,0.237061858177185,0.2429022192955017,0.277509868144989,0.1769525706768036,0,0,0,0,0,0,0,0
109,0.0,0.0,0.0,0.0,0.0,0.0,0.0,0.0,0.4149487614631653,0.3590201437473297,0.4622868597507477,0.4459811449050903,0.4719292521476745,0.4951408803462982,0.4892747402191162,0.4709085822105407,0,0,0,0,0,0,0,0
110,0.0,0.0,0.0,0.0,0.0,0.027027027027027,0.0,0.0,0.332980751991272,0.3212810754776001,0.3289674520492553,0.2372917234897613,0.3781992197036743,0.3390522599220276,0.3776854276657104,0.3450720906257629,0,0,0,0,0,0,0,0
111,0.0,0.0,0.0,0.024390243902439,0.0,0.0,0.0,0.0,0.4041209816932678,0.3857505321502685,0.3336812257766723,0.3716527819633484,0.4542524218559265,0.377436101436615,0.4482000470161438,0.3919943571090698,0,0,0,0,0,0,0,0
112,0.0625,0.0625,0.0,0.0,0.0625,0.0,0.0,0.0,0.3140485286712646,0.3611173033714294,0.3626241087913513,0.3099768161773681,0.3283628225326538,0.3636453151702881,0.3932608366012573,0.270249605178833,0,0,0,0,0,0,0,0
113,0.0,0.0,0.0,0.0,0.0,0.0,0.0,0.0,0.0654003471136093,0.0487260967493057,0.0255914628505706,0.0277718044817447,0.0320727527141571,0.0583197399973869,0.0560572743415832,0.0257491469383239,0,0,0,0,0,0,0,0
114,0.0,0.0,0.0,0.0,0.0,0.0,0.0,0.0,0.203005850315094,0.236890435218811,0.2454943358898162,0.211276039481163,0.2756465077400207,0.2423756718635559,0.2847945094108581,0.2210559248924255,0,0,0,0,0,0,0,0
115,0.0,0.0,0.0,0.0,0.0,0.0,0.0,0.0,0.1980054676532745,0.2343011051416397,0.2312319874763488,0.1886874735355377,0.3055620789527893,0.2103731334209442,0.2696945965290069,0.2287451326847076,0,0,0,0,0,0,0,0
116,0.0,0.0,0.0,0.0,0.0,0.0,0.0,0.0,0.2433128952980041,0.2432659119367599,0.2002090364694595,0.1820714175701141,0.2543900907039642,0.1812599301338195,0.2456592321395874,0.2074522078037262,0,0,0,0,0,0,0,0
117,0.0754716981132075,0.0283018867924528,0.0094339622641509,0.0566037735849056,0.0566037735849056,0.0377358490566037,0.0094339622641509,0.0094339622641509,0.5830737352371216,0.4932601451873779,0.5476599931716919,0.5805147886276245,0.6317305564880371,0.6179482936859131,0.6375541687011719,0.6060173511505127,1,1,1,1,1,0,0,1
118,0.0196078431372549,0.017156862745098,0.0073529411764705,0.0147058823529411,0.0196078431372549,0.0220588235294117,0.0147058823529411,0.017156862745098,0.4671274125576019,0.4540475010871887,0.4698348045349121,0.3898158371448517,0.485215276479721,0.4096342325210571,0.4945182800292969,0.4117275476455688,0,0,0,0,0,0,0,0
119,0.0198019801980198,0.0173267326732673,0.0074257425742574,0.0148514851485148,0.0198019801980198,0.0222772277227722,0.0148514851485148,0.0173267326732673,0.4671274125576019,0.4540475010871887,0.4698348045349121,0.3898158371448517,0.485215276479721,0.4096342325210571,0.4945182800292969,0.4117275476455688,0,0,0,0,0,0,0,0
120,0.0512820512820512,0.0384615384615384,0.0,0.0256410256410256,0.0512820512820512,0.0128205128205128,0.0,0.0256410256410256,0.6437222957611084,0.5713498592376709,0.6092746257781982,0.6297413110733032,0.6580550074577332,0.6758808493614197,0.7033464908599854,0.6265093088150024,1,1,1,1,1,1,1,1
121,0.0495049504950495,0.0297029702970297,0.0099009900990099,0.0198019801980198,0.0297029702970297,0.0099009900990099,0.0198019801980198,0.0148514851485148,0.5432955026626587,0.4554658830165863,0.5014047026634216,0.5210933685302734,0.6272902488708496,0.5705615282058716,0.6016833782196045,0.5769599676132202,1,0,1,1,0,0,0,1
122,0.0384615384615384,0.0,0.0,0.0,0.0,0.0,0.0,0.0,0.1702972948551178,0.2048185169696808,0.2362361848354339,0.1794271469116211,0.2652707695960998,0.1976818889379501,0.2414110004901886,0.1829117238521576,0,0,0,0,0,0,0,0
123,0.0052770448548812,0.0052770448548812,0.0052770448548812,0.0237467018469656,0.0,0.0369393139841688,0.0052770448548812,0.0131926121372031,0.6145362854003906,0.6190704107284546,0.4708163142204284,0.5184341669082642,0.55155348777771,0.5195459127426147,0.600039005279541,0.5314865112304688,0,1,1,1,0,1,0,0
124,0.0,0.0,0.0099009900990099,0.0297029702970297,0.0,0.0198019801980198,0.0,0.0198019801980198,0.3135079145431518,0.3122504353523254,0.2991368174552917,0.2781887948513031,0.3636152446269989,0.3025889992713928,0.3677067458629608,0.3166024684906006,0,0,0,0,0,0,0,0
125,0.0,0.0,0.0,0.0454545454545454,0.0,0.0454545454545454,0.0,0.0454545454545454,0.4314395189285278,0.3904245495796203,0.3872548341751098,0.3725453615188598,0.4813149571418762,0.4145714044570923,0.4430966973304748,0.4644508063793182,0,0,0,0,0,0,0,0
126,0.0013037809647979,0.0052151238591916,0.0026075619295958,0.0052151238591916,0.0052151238591916,0.0104302477183833,0.0039113428943937,0.0091264667535853,0.3591437339782715,0.3011253178119659,0.3314181566238403,0.3204478621482849,0.4125559329986572,0.3499675691127777,0.3960789740085602,0.3677465915679931,0,0,0,0,0,0,0,0
127,0.0,0.0,0.0,0.0,0.0,0.0,0.0,0.0,0.3156217932701111,0.2318595647811889,0.3279719948768616,0.2805372178554535,0.3847941756248474,0.2841174602508545,0.3342297673225403,0.3434385061264038,0,0,0,0,0,0,0,0
128,0.037037037037037,0.0,0.0648148148148148,0.0185185185185185,0.0092592592592592,0.0277777777777777,0.0277777777777777,0.0185185185185185,0.4046472907066345,0.4377006888389587,0.3426238596439361,0.3249283730983734,0.4423158168792724,0.3710867762565613,0.4429066181182861,0.3936334252357483,0,0,0,0,0,0,0,0
129,0.0088495575221238,0.0176991150442477,0.0265486725663716,0.0265486725663716,0.0088495575221238,0.0265486725663716,0.0176991150442477,0.0265486725663716,0.3957721590995788,0.4295228719711303,0.358305424451828,0.3980396389961242,0.4228629767894745,0.4295540750026703,0.4806970953941345,0.3788527846336365,0,0,0,0,0,0,0,0
130,0.0209267563527653,0.0194319880418535,0.0059790732436472,0.0119581464872944,0.0134529147982062,0.007473841554559,0.0089686098654708,0.0089686098654708,0.4530050158500671,0.4455183744430542,0.4037986099720001,0.4091206789016723,0.4882069230079651,0.4398995637893677,0.5069471597671509,0.4267462491989136,0,0,0,0,0,0,0,0
131,0.0303030303030303,0.0303030303030303,0.0,0.0606060606060606,0.0303030303030303,0.0303030303030303,0.0,0.0303030303030303,0.3399733304977417,0.3323808312416076,0.3158462643623352,0.3512211441993713,0.3618545234203338,0.3503022789955139,0.4044492244720459,0.3349412083625793,0,0,0,0,0,0,0,0
132,0.0,0.0,0.0,0.0421052631578947,0.0,0.0210526315789473,0.0,0.0210526315789473,0.3676003515720367,0.3524583578109741,0.3642135262489319,0.3662693202495575,0.3899120688438415,0.3953191637992859,0.4356083273887634,0.3683827221393585,0,0,0,0,0,0,0,0
133,0.0044843049327354,0.007473841554559,0.0029895366218236,0.0119581464872944,0.014947683109118,0.0179372197309417,0.0059790732436472,0.007473841554559,0.3265404105186462,0.300149917602539,0.2843274176120758,0.2926865220069885,0.3631082773208618,0.3194394111633301,0.3684518337249756,0.3213923871517181,0,0,0,0,0,0,0,0
134,0.0,0.0,0.0,0.0,0.0212765957446808,0.0425531914893617,0.0,0.0,0.3104359805583954,0.3024340271949768,0.2597942948341369,0.269815981388092,0.3318024575710296,0.3063785135746002,0.3552859425544739,0.2966950833797455,0,0,0,0,0,0,0,0
135,0.0168067226890756,0.0168067226890756,0.0,0.0252100840336134,0.0084033613445378,0.042016806722689,0.0,0.0252100840336134,0.4472405016422272,0.3855096697807312,0.3901284039020538,0.4061405658721924,0.4657573997974396,0.4590953290462494,0.4780415296554565,0.4882701933383941,0,0,0,0,0,0,0,0
136,0.0263157894736842,0.0087719298245614,0.0,0.0087719298245614,0.0,0.0087719298245614,0.0,0.0,0.3508341908454895,0.3543125987052917,0.283484399318695,0.2888730764389038,0.3358823359012604,0.3520316481590271,0.3958718776702881,0.3160740733146667,0,0,0,0,0,0,0,0
137,0.0062111801242236,0.0,0.0,0.0031055900621118,0.0031055900621118,0.0186335403726708,0.0062111801242236,0.0,0.2051269859075546,0.1432612836360931,0.1679862439632415,0.1419076323509216,0.2204154729843139,0.1868677735328674,0.2381503731012344,0.1183649003505706,0,0,0,0,0,0,0,0
138,0.0,0.0,0.0,0.0256410256410256,0.0,0.0512820512820512,0.0,0.0,0.3286235332489013,0.3352651000022888,0.2743217647075653,0.2771671414375305,0.3918424248695373,0.3272069692611694,0.3850836455821991,0.330771267414093,0,0,0,0,0,0,0,0
139,0.0098410295230885,0.0105980317940953,0.0189250567751703,0.0083270249810749,0.0060560181680545,0.0075700227100681,0.0105980317940953,0.0090840272520817,0.3579100370407104,0.349433422088623,0.356267511844635,0.3699146509170532,0.4190268218517303,0.3520888984203338,0.431812584400177,0.3721079528331756,0,0,0,0,0,0,0,0
140,0.0,0.0,0.0,0.0333333333333333,0.0,0.0333333333333333,0.0,0.0333333333333333,0.3567067086696625,0.3124125599861145,0.3667663931846618,0.3488984107971191,0.3999954462051391,0.332019567489624,0.4225533008575439,0.3585574030876159,0,0,0,0,0,0,0,0
141,0.0,0.008695652173913,0.0,0.008695652173913,0.0,0.008695652173913,0.0,0.017391304347826,0.4082610011100769,0.4170249700546264,0.3683363795280456,0.4132490456104278,0.4250918924808502,0.4735469222068786,0.4816687107086181,0.4508216977119446,0,0,0,0,0,0,0,0
142,0.0176991150442477,0.0088495575221238,0.0,0.0088495575221238,0.0,0.0,0.0,0.0,0.3900940716266632,0.3952962756156921,0.3162853121757507,0.4008693099021911,0.3694493472576141,0.4450005292892456,0.4566208720207214,0.3997395038604736,0,0,0,0,0,0,0,0
143,0.025,0.0,0.0166666666666666,0.0166666666666666,0.0166666666666666,0.0416666666666666,0.0083333333333333,0.0416666666666666,0.6285375356674194,0.5417147874832153,0.6059306859970093,0.5414711833000183,0.6467753648757935,0.6232517957687378,0.6789311766624451,0.5569899082183838,1,1,1,1,0,0,1,1
144,0.0,0.0,0.0,0.0097087378640776,0.0,0.0097087378640776,0.0,0.0097087378640776,0.4062965810298919,0.3859272003173828,0.4000537991523742,0.4311030805110931,0.4502744674682617,0.4545283913612366,0.4875886440277099,0.4211924076080322,0,0,0,0,0,0,0,0
145,0.0,0.0098039215686274,0.0098039215686274,0.0,0.0,0.0,0.0098039215686274,0.0,0.4353911876678467,0.3579939007759094,0.4005739092826843,0.4370897710323334,0.4963449835777282,0.4507532715797424,0.4894196689128876,0.4639883637428283,0,0,0,0,0,0,0,0
146,0.0,0.0,0.0,0.0,0.0,0.0,0.0,0.0,0.2513011395931244,0.2406587600708007,0.271915853023529,0.2568545341491699,0.3120482861995697,0.3290168046951294,0.3157570958137512,0.2959415316581726,0,0,0,0,0,0,0,0
147,0.0081699346405228,0.0081699346405228,0.0032679738562091,0.0032679738562091,0.0065359477124183,0.0081699346405228,0.0065359477124183,0.0032679738562091,0.3905298709869385,0.3845987915992737,0.324274331331253,0.3532471060752868,0.3874658346176147,0.3788219094276428,0.4595558047294616,0.3484613299369812,0,0,0,0,0,0,0,0
148,0.0256410256410256,0.0256410256410256,0.0,0.0256410256410256,0.0256410256410256,0.0,0.0,0.0,0.2278861552476883,0.2332600504159927,0.2485463172197342,0.2218151986598968,0.2909218072891235,0.2307808250188827,0.289183646440506,0.2261112034320831,0,0,0,0,0,0,0,0
149,0.0205831903945111,0.0120068610634648,0.006861063464837,0.006861063464837,0.0222984562607204,0.0102915951972555,0.0205831903945111,0.0085763293310463,0.3396967947483063,0.2777721881866455,0.355534017086029,0.327579915523529,0.4079810976982116,0.3623799681663513,0.3765550255775451,0.3796217143535614,0,0,0,0,0,0,0,0
150,0.0,0.0,0.0,0.024390243902439,0.0,0.0,0.0,0.0,0.3690403699874878,0.3515499234199524,0.3360764384269714,0.3509363234043121,0.419559121131897,0.3600046634674072,0.4106922149658203,0.3821805715560913,0,0,0,0,0,0,0,0
151,0.0485436893203883,0.0388349514563106,0.0097087378640776,0.0679611650485436,0.0097087378640776,0.0485436893203883,0.0097087378640776,0.0194174757281553,0.6554232835769653,0.5540268421173096,0.7132022380828857,0.6349955201148987,0.6797713041305542,0.6869488954544067,0.74399733543396,0.6246426105499268,1,1,1,1,1,1,1,1
152,0.0089285714285714,0.0089285714285714,0.0,0.0357142857142857,0.0089285714285714,0.0,0.0089285714285714,0.0,0.4989180266857147,0.4569248557090759,0.5393319129943848,0.4066691100597381,0.4843368828296661,0.4693113267421722,0.5241302251815796,0.4129394888877868,0,0,0,0,0,0,0,0
153,0.017391304347826,0.0260869565217391,0.0,0.0260869565217391,0.008695652173913,0.008695652173913,0.017391304347826,0.008695652173913,0.4547516405582428,0.4336695969104767,0.4275203347206116,0.4403647780418396,0.4560934901237488,0.4926340281963348,0.5086596012115479,0.4601682424545288,0,0,0,0,0,0,0,0
154,0.0045454545454545,0.0045454545454545,0.0045454545454545,0.0227272727272727,0.009090909090909,0.009090909090909,0.0045454545454545,0.009090909090909,0.3454269170761108,0.313891589641571,0.388159841299057,0.4123695790767669,0.4134011566638946,0.4238665103912353,0.4526154398918152,0.4011245369911194,0,0,0,0,0,0,0,0
155,0.0097087378640776,0.0,0.0,0.0194174757281553,0.0,0.0194174757281553,0.0,0.0097087378640776,0.3538486361503601,0.40914386510849,0.3090527653694153,0.2940376698970794,0.4365323185920715,0.3135132789611816,0.3926047682762146,0.3741603195667267,0,0,0,0,0,0,0,0
156,0.024390243902439,0.0,0.0,0.024390243902439,0.0,0.0,0.0,0.0,0.308155208826065,0.3284372687339782,0.2892600893974304,0.2640908658504486,0.3654287159442901,0.2796059548854828,0.3271851241588592,0.3276251256465912,0,0,0,0,0,0,0,0
157,0.0,0.0,0.0,0.0101010101010101,0.0,0.0,0.0,0.0,0.3899291157722473,0.3650379776954651,0.3475754559040069,0.3423044681549072,0.4478306770324707,0.3644952178001404,0.4102030992507934,0.3942487239837646,0,0,0,0,0,0,0,0
158,0.0061099796334012,0.0061099796334012,0.0061099796334012,0.0040733197556008,0.0040733197556008,0.0122199592668024,0.0081466395112016,0.0081466395112016,0.3281369209289551,0.2694452404975891,0.3051643371582031,0.3165747821331024,0.3755922317504883,0.3584499955177307,0.3570187389850616,0.354761004447937,0,0,0,0,0,0,0,0
159,0.0173267326732673,0.0099009900990099,0.0049504950495049,0.0297029702970297,0.0123762376237623,0.0346534653465346,0.0049504950495049,0.0321782178217821,0.3250811994075775,0.2463800907135009,0.3291723430156708,0.3351672291755676,0.3892067372798919,0.3510572016239166,0.3825272023677826,0.3591502904891968,0,0,0,0,0,0,0,0
160,0.0,0.0,0.0,0.0,0.0,0.0277777777777777,0.0,0.0,0.429104745388031,0.3956111073493957,0.4262248277664184,0.4219778180122375,0.4911462068557739,0.4837238192558288,0.4884310364723205,0.4808921813964844,0,0,0,0,0,0,0,0
161,0.0110552763819095,0.0201005025125628,0.0010050251256281,0.0090452261306532,0.0070351758793969,0.0070351758793969,0.0070351758793969,0.0160804020100502,0.3843461573123932,0.3411847949028015,0.3284581899642944,0.3884369730949402,0.3987317681312561,0.4220917522907257,0.4137343764305115,0.446946918964386,0,0,0,0,0,0,0,0
162,0.0,0.0256410256410256,0.0,0.0,0.0,0.0,0.0,0.0,0.4010131061077118,0.3240725398063659,0.3556434512138366,0.3595309853553772,0.4309793710708618,0.4054382741451263,0.4016928076744079,0.4521803855895996,0,0,0,0,0,0,0,0
163,0.0099009900990099,0.0,0.0,0.0099009900990099,0.0,0.0297029702970297,0.0099009900990099,0.0099009900990099,0.2928405404090881,0.3349128365516662,0.2498948574066162,0.2599071860313415,0.3407504856586456,0.2719624638557434,0.3204129636287689,0.2994897067546844,0,0,0,0,0,0,0,0
164,0.0093023255813953,0.0093023255813953,0.0046511627906976,0.0162790697674418,0.0093023255813953,0.0046511627906976,0.0116279069767441,0.0069767441860465,0.435584545135498,0.4471569657325744,0.4009794592857361,0.4131506681442261,0.5085311532020569,0.4277696013450622,0.4599623084068298,0.486306369304657,0,0,0,0,0,0,0,0
165,0.0099667774086378,0.0232558139534883,0.0132890365448504,0.0199335548172757,0.0132890365448504,0.0265780730897009,0.0099667774086378,0.0199335548172757,0.345660924911499,0.2766966521739959,0.3422660529613495,0.3862765729427337,0.4145413935184479,0.3900507390499115,0.408429741859436,0.3863773643970489,0,0,0,0,0,0,0,0
166,0.0,0.032258064516129,0.0,0.0,0.0,0.0,0.0,0.0,0.2919167280197143,0.3104467093944549,0.3042340278625488,0.3594263792037964,0.3911257684230804,0.3668076992034912,0.368719220161438,0.3688414692878723,0,0,0,0,0,0,0,0
167,0.0,0.0106100795755968,0.0079575596816976,0.0053050397877984,0.0,0.013262599469496,0.0,0.0026525198938992,0.4425146579742431,0.4870455861091614,0.4371264278888702,0.4226379692554474,0.539053201675415,0.4573343694210052,0.5279325842857361,0.494422972202301,0,0,0,0,0,0,0,0
168,0.01,0.008,0.002,0.004,0.01,0.022,0.004,0.004,0.3792402446269989,0.3594796657562256,0.3913848400115967,0.4207255840301513,0.4680819809436798,0.4536758959293365,0.4283141791820526,0.4902827143669128,0,0,0,0,0,0,0,0
169,0.0,0.0,0.0294117647058823,0.0294117647058823,0.0,0.0588235294117647,0.0294117647058823,0.0294117647058823,0.4313986003398895,0.4060009121894836,0.3825275003910064,0.3864573836326599,0.4936086237430572,0.4213507771492004,0.4409242272377014,0.4803962111473083,0,0,0,0,0,0,0,0
170,0.0303030303030303,0.0202020202020202,0.0,0.0101010101010101,0.0202020202020202,0.0101010101010101,0.0,0.0101010101010101,0.3644242286682129,0.3045158386230469,0.3168014883995056,0.3461427092552185,0.4235156774520874,0.3638609945774078,0.3867619633674621,0.3998770117759704,0,0,0,0,0,0,0,0
171,0.0501567398119122,0.0172413793103448,0.0,0.0094043887147335,0.0235109717868338,0.0219435736677116,0.0109717868338558,0.0109717868338558,0.3255194425582886,0.3737113177776336,0.2950473427772522,0.3385175764560699,0.362659752368927,0.3826929926872253,0.3972474336624145,0.3758032917976379,0,0,0,0,0,0,0,0
172,0.0,0.0256410256410256,0.0,0.0,0.0,0.0,0.0256410256410256,0.0,0.2557275891304016,0.23603555560112,0.2465308606624603,0.2643693089485168,0.3083858489990234,0.2923046052455902,0.3201016783714294,0.2901987433433532,0,0,0,0,0,0,0,0
173,0.0089285714285714,0.0089285714285714,0.0,0.0178571428571428,0.0089285714285714,0.0267857142857142,0.0089285714285714,0.0178571428571428,0.4013309478759765,0.4698497056961059,0.3806108236312866,0.3799863457679748,0.4835008978843689,0.4134376347064972,0.4488248825073242,0.4673016667366028,0,0,0,0,0,0,0,0
174,0.0,0.0,0.0,0.0095238095238095,0.019047619047619,0.019047619047619,0.0095238095238095,0.0095238095238095,0.2887458205223083,0.3078891932964325,0.2265583127737045,0.2764169573783874,0.3549496531486511,0.2900760471820831,0.341789960861206,0.3247765898704529,0,0,0,0,0,0,0,0
175,0.0082644628099173,0.0330578512396694,0.0,0.0082644628099173,0.0082644628099173,0.0082644628099173,0.0165289256198347,0.0082644628099173,0.4214415550231933,0.4000154137611389,0.3988936841487884,0.3933838605880737,0.4685274958610534,0.4314226508140564,0.487532377243042,0.4212420582771301,0,0,0,0,0,0,0,0
176,0.0,0.0,0.04,0.0,0.0,0.0,0.0,0.0,0.3303544521331787,0.3320564031600952,0.2653999626636505,0.3120508193969726,0.3445926904678345,0.3295104503631592,0.3420516848564148,0.3503752946853637,0,0,0,0,0,0,0,0
177,0.006150061500615,0.006150061500615,0.019680196801968,0.013530135301353,0.009840098400984,0.014760147601476,0.008610086100861,0.013530135301353,0.4547837078571319,0.4031083583831787,0.5141570568084717,0.4994165003299713,0.575180172920227,0.5391212105751038,0.5443912744522095,0.5134995579719543,0,0,1,0,0,0,0,0
178,0.0,0.0,0.0,0.0,0.0,0.0,0.0,0.0,0.3523637056350708,0.3444999456405639,0.34745854139328,0.3298370838165283,0.4328224956989288,0.3588927388191223,0.3976979553699493,0.3790662884712219,0,0,0,0,0,0,0,0
179,0.0302325581395348,0.0069767441860465,0.0116279069767441,0.0093023255813953,0.0023255813953488,0.0069767441860465,0.0069767441860465,0.0093023255813953,0.3749984502792358,0.2989825010299682,0.3597378134727478,0.3865741491317749,0.4191658496856689,0.4090349078178406,0.4351236224174499,0.4086654186248779,0,0,0,0,0,0,0,0
180,0.024390243902439,0.0,0.0,0.0,0.0,0.0,0.0,0.024390243902439,0.3090477287769317,0.2532588243484497,0.2392400652170181,0.3136696219444275,0.3172365128993988,0.3268757462501526,0.3595282435417175,0.3324968516826629,0,0,0,0,0,0,0,0
181,0.0091743119266055,0.0091743119266055,0.0,0.0091743119266055,0.0091743119266055,0.018348623853211,0.0,0.0091743119266055,0.3509733080863952,0.4177609086036682,0.3433350622653961,0.3476912975311279,0.4413795173168182,0.3650369644165039,0.415490448474884,0.3962690234184265,0,0,0,0,0,0,0,0
182,0.0,0.0,0.0,0.0277777777777777,0.0,0.0277777777777777,0.0,0.0,0.2955487370491028,0.3588594794273376,0.2532038986682892,0.2312079071998596,0.3237262070178985,0.2436144351959228,0.332633912563324,0.2948309779167175,0,0,0,0,0,0,0,0
183,0.0023923444976076,0.0023923444976076,0.0023923444976076,0.0023923444976076,0.0023923444976076,0.0215311004784689,0.0119617224880382,0.0,0.3067660927772522,0.3390623927116394,0.2976979911327362,0.3124169707298279,0.3864228725433349,0.3268091082572937,0.3746086657047272,0.3557294011116028,0,0,0,0,0,0,0,0
184,0.0,0.0,0.0,0.0,0.0,0.0,0.0,0.0,0.2377151697874069,0.226155936717987,0.247926726937294,0.2335508167743683,0.3019607663154602,0.3051586151123047,0.3158754408359527,0.2654134631156921,0,0,0,0,0,0,0,0
185,0.0079617834394904,0.0222929936305732,0.0,0.0079617834394904,0.0127388535031847,0.0063694267515923,0.0111464968152866,0.0063694267515923,0.3635831177234649,0.3449515104293823,0.4355317056179046,0.3777474462985992,0.4317675828933716,0.3886801600456238,0.4448004961013794,0.3634021282196045,0,0,0,0,0,0,0,0
186,0.0263157894736842,0.0,0.0,0.0,0.0,0.0263157894736842,0.0263157894736842,0.0,0.3559052944183349,0.3300198316574096,0.3425467014312744,0.3608851432800293,0.4114364087581634,0.3668196201324463,0.3944002091884613,0.4005866646766662,0,0,0,0,0,0,0,0
187,0.0,0.0,0.008130081300813,0.008130081300813,0.0,0.024390243902439,0.0,0.008130081300813,0.351296603679657,0.3608722388744354,0.3361085951328277,0.3547405004501343,0.4515914916992187,0.4149255752563476,0.4034817814826965,0.4174008965492248,0,0,0,0,0,0,0,0
188,0.0,0.0,0.0,0.0,0.0,0.0377358490566037,0.0,0.0,0.432769775390625,0.4251493513584137,0.3926550447940826,0.3873812854290008,0.5061625242233276,0.4664604067802429,0.4729415774345398,0.4909851253032684,0,0,0,0,0,0,0,0
189,0.002262443438914,0.0158371040723981,0.002262443438914,0.0180995475113122,0.002262443438914,0.0135746606334841,0.0090497737556561,0.0113122171945701,0.4198145270347595,0.3503738641738891,0.429894745349884,0.4183369576931,0.4988639950752258,0.4726596474647522,0.4788626730442047,0.4721085429191589,0,0,0,0,0,0,0,0
190,0.0124378109452736,0.0157545605306799,0.0033167495854063,0.0199004975124378,0.0082918739635157,0.0281923714759535,0.0074626865671641,0.0364842454394693,0.3514148890972137,0.3015642166137695,0.3779574632644653,0.3387347757816314,0.4207925200462341,0.3799920082092285,0.3925691246986389,0.432614803314209,0,0,0,0,0,0,0,0
191,0.0120192307692307,0.0084134615384615,0.016826923076923,0.0120192307692307,0.0084134615384615,0.0192307692307692,0.0084134615384615,0.0144230769230769,0.2043991386890411,0.2089501172304153,0.2386584728956222,0.254815399646759,0.3015686869621277,0.2367488443851471,0.258421927690506,0.249691903591156,0,0,0,0,0,0,0,0
192,0.0045662100456621,0.0136986301369863,0.0030441400304414,0.015220700152207,0.0015220700152207,0.0334855403348554,0.015220700152207,0.0121765601217656,0.2894579470157623,0.3292260766029358,0.2899676859378814,0.2508534789085388,0.3648159801959991,0.3179619908332824,0.3468683063983917,0.3252023458480835,0,0,0,0,0,0,0,0
193,0.0471698113207547,0.0188679245283018,0.0188679245283018,0.0094339622641509,0.0283018867924528,0.0,0.0377358490566037,0.0,0.422972708940506,0.3662112355232239,0.3794640302658081,0.4413948059082031,0.4904005229473114,0.4497232139110565,0.5067798495292664,0.4557335376739502,0,0,0,0,0,0,0,0
194,0.0227272727272727,0.0284090909090909,0.0,0.0284090909090909,0.0113636363636363,0.0227272727272727,0.0113636363636363,0.0170454545454545,0.3599936366081238,0.3594632744789123,0.388222336769104,0.407234638929367,0.4872393906116485,0.4250456988811493,0.4379920959472656,0.4784431457519531,0,0,0,0,0,0,0,0
195,0.0066730219256434,0.0066730219256434,0.0,0.0228789323164918,0.0076263107721639,0.0305052430886558,0.0095328884652049,0.0190657769304099,0.5251840353012085,0.4874058663845062,0.5602667331695557,0.5446101427078247,0.6402572393417358,0.5973742604255676,0.6265175342559814,0.6073944568634033,1,0,1,1,0,0,1,1
196,0.0049916805324459,0.0049916805324459,0.0033277870216306,0.0199667221297836,0.0083194675540765,0.0266222961730449,0.0066555740432612,0.0049916805324459,0.4209198653697967,0.3813104629516601,0.3789117336273193,0.3564212620258331,0.4607577919960022,0.417521059513092,0.4304208755493164,0.4637317657470703,0,0,0,0,0,0,0,0
197,0.0073260073260073,0.0073260073260073,0.0,0.0073260073260073,0.0,0.0073260073260073,0.0146520146520146,0.0109890109890109,0.3489477634429931,0.3532020449638366,0.3085246980190277,0.2546373605728149,0.3844110667705536,0.3254807591438293,0.3787839412689209,0.3319888710975647,0,0,0,0,0,0,0,0
198,0.003831417624521,0.0114942528735632,0.0,0.0498084291187739,0.0076628352490421,0.0498084291187739,0.003831417624521,0.0383141762452107,0.2580856680870056,0.2503561377525329,0.2492216080427169,0.2994551956653595,0.3351311683654785,0.3575150966644287,0.3346861600875854,0.3165659606456756,0,0,0,0,0,0,0,0
199,0.0,0.0,0.043010752688172,0.010752688172043,0.0,0.032258064516129,0.0,0.010752688172043,0.3565078973770141,0.3707186281681061,0.340298056602478,0.3609530925750732,0.4299722015857696,0.4103106260299682,0.4094144105911255,0.4577594995498657,0,0,0,0,0,0,0,0
200,0.0,0.0,0.0,0.0309278350515463,0.0,0.0206185567010309,0.0,0.0103092783505154,0.3865576982498169,0.4222227334976196,0.4497052431106567,0.4317819476127624,0.4786267578601837,0.4535731673240661,0.4754712581634521,0.4267981648445129,0,0,0,0,0,0,0,0
201,0.0096153846153846,0.0,0.0096153846153846,0.0192307692307692,0.0,0.0288461538461538,0.0,0.0,0.4518827199935913,0.4266563653945923,0.3966250121593475,0.3713184893131256,0.5140880346298218,0.437702476978302,0.4972540736198425,0.4523292183876037,0,0,0,0,0,0,0,0
202,0.0096153846153846,0.0,0.0288461538461538,0.0288461538461538,0.0096153846153846,0.048076923076923,0.0,0.0288461538461538,0.2146498262882232,0.2915239334106445,0.2290875613689422,0.2435115277767181,0.3057873845100403,0.2873505651950836,0.28792804479599,0.2868314385414123,0,0,0,0,0,0,0,0
203,0.0,0.002283105022831,0.0,0.0251141552511415,0.002283105022831,0.0251141552511415,0.0,0.002283105022831,0.405846357345581,0.4012553095817566,0.3359602093696594,0.3346272706985473,0.4525275230407715,0.3632144927978515,0.4320018291473388,0.4090259075164795,0,0,0,0,0,0,0,0
204,0.0099750623441396,0.0074812967581047,0.0,0.0199501246882793,0.0074812967581047,0.0299251870324189,0.0024937655860349,0.0074812967581047,0.349761039018631,0.3513301908969879,0.333871454000473,0.2992067337036133,0.4232787787914276,0.3687044680118561,0.3752511143684387,0.3823842108249664,0,0,0,0,0,0,0,0
205,0.0140318054256314,0.0084190832553788,0.0037418147801683,0.019644527595884,0.0074836295603367,0.0177736202057998,0.0037418147801683,0.019644527595884,0.4657579064369201,0.3605341613292694,0.5111116766929626,0.4276650249958038,0.5328367948532104,0.5001737475395203,0.5086346864700317,0.4988099336624145,0,0,0,0,0,0,0,0
206,0.0084033613445378,0.0,0.0,0.0,0.0,0.0084033613445378,0.0,0.0,0.4546001553535461,0.4609119296073913,0.3975510597229004,0.3626331984996795,0.5061219930648804,0.4253367185592651,0.4892557263374328,0.4663081467151642,0,0,0,0,0,0,0,0
207,0.0,0.0106951871657754,0.0080213903743315,0.0053475935828877,0.0,0.0133689839572192,0.0,0.0026737967914438,0.4401716589927673,0.4926434755325317,0.4484418928623199,0.4210220575332641,0.5524510145187378,0.4780631065368652,0.548211932182312,0.4885451197624206,0,0,1,0,0,0,0,0
208,0.0,0.0,0.0,0.0,0.0,0.0,0.0,0.0,0.45378178358078,0.4100123643875122,0.385324090719223,0.4169468581676483,0.4878663122653961,0.4466847777366638,0.4757927656173706,0.4886573553085327,0,0,0,0,0,0,0,0
209,0.0384615384615384,0.0384615384615384,0.0,0.0384615384615384,0.0,0.0384615384615384,0.0,0.0,0.1865667849779129,0.2090336978435516,0.1720192432403564,0.1945986747741699,0.2180126011371612,0.1866140067577362,0.2268892228603363,0.1926293075084686,0,0,0,0,0,0,0,0
